Headline,Sport
Saka gives England lead over Austria,football
France 2-0 Wales - Mbappe and Griezmann strike after Williams red,football
Netherlands 1-2 Scotland - Nisbet nets first international goal after flowing move,football
All aboard the Premier League managerial merry-go-round - who might go where?,football
Tottenham make contact with former Chelsea boss Conte,football
Nuno and Moyes among top Everton targets,football
Did Southgate get tough calls right in England's Euro 2020 squad?,football
'Ancelotti exit a cold shower on Everton ambitions',football
Foden nominated for both PFA awards as Man City dominate shortlist,football
Man City and Chelsea dominate PFA women's award list,football
Watch all of Wales' Euro 2020 qualifying goals,football
Relive Scotland's dramatic Euro 2020 play-off win over Serbia,football
Watch England's best Euro 2020 qualifying goals,football
Not reaching semis at Euro 2020 will be a failure - England boss Southgate,football
Wolves given all-clear to appoint Lage,football
Match of the Day Top 10 podcast: Euro 96 most memorable moments,football
From rap battles to frying pan sport - Italy make TV extravaganza for squad announcement,football
Bournemouth's Lerma given six-game ban for biting,football
Everton consider Gerrard and Benitez - Wednesday's football gossip,football
Pick your England Euro 2020 starting XI,football
Ticketless Scotland fans asked not to visit London for Euro 2020 game,football
Former Man Utd boss Stoney plays down Wrexham manager links amid abuse,football
Barcelona sign Brazil defender Emerson from Real Betis,football
England & Scotland's Euro 2020 opponents Croatia draw with 90th-ranked Armenia,football
Man in Singapore found guilty over death threats to Brighton's Maupay,football
Lineker explains why he loved penalty shootouts,football
Scotland and Man City's Smith makes free-kicks look easy,football
'If I could have picked five or six right-backs I would have done',football
Farewell Aguero - why Man City striker is a Premier League legend,football
Match of the Day Top 10 podcast: Best Euro goals,football
How Spain’s ‘terrifying confidence’ conquered the world,football
Where - and who - are the next great English coaches? The ex-internationals learning from new FA scheme,football
How Aguero went from 'worst trainer in the world' to Man City 'icon',football
The big questions facing European club football,football
Why Norwich won't spend big for Premier League survival,football
How Havertz held the key for Chelsea - not just Kante,football
Quiz: Name the clubs yet to make a play-off final,football
Can you recall every relegated Premier League side? Test your memory with our new spoken word quiz,football
Pick your favourite classic Euros kits,football
Only 13 players scored league goals against Rangers this season - can you name them?,football
Live sport online coverage from the BBC,football
Match of the Day Top 10 podcast: Euros 1996,football
Daily Euros podcast: Southgate picks his Euros 26,football
Daily Euros bonus podcast: Ancelotti swaps Goodison for Bernabeu return,football
Match of the Day Top 10 podcast: Euros - Best goals,football
72+ podcast: Brentford finally reach the big time,football
"The Squad podcast: Terrific Tuchel, Guardiola tactics & Solskjaer debate",football
How a Man Utd legend left for Dunstable Town,football
'They ridiculed me before the match... we annihilated them',football
The impossible dream?,football
Family tears & PSG pressure - Messi's life-changing choice,football
All the latest from the Premier League,football
Scottish Premiership,football
Championship,football
Women's football,football
Welsh football,football
Irish football,football
European football,football
Live sport online coverage from the BBC,football
Match of the Day Top 10 podcast: Euros 1996,football
Daily Euros podcast: Southgate picks his Euros 26,football
Daily Euros bonus podcast: Ancelotti swaps Goodison for Bernabeu return,football
Match of the Day Top 10 podcast: Euros - Best goals,football
72+ podcast: Brentford finally reach the big time,football
"The Squad podcast: Terrific Tuchel, Guardiola tactics & Solskjaer debate",football
"'A dizzying intellect and an intimidating, often controversial, man' - Max Mosley obituary",formula1
Azerbaijan Grand Prix coverage on the BBC,formula1
Former motorsport boss Max Mosley dies at 81,formula1
Leclerc car failure caused by crash in qualifying - Ferrari,formula1
Mercedes could protest over flex-wings in Baku,formula1
Verstappen does his talking on the track as Mercedes and Hamilton look for answers,formula1
Chequered Flag podcast: Monaco GP review,formula1
Verstappen takes title lead from frustrated Hamilton with Monaco win,formula1
Style over substance: Is the racing at Monaco really rubbish?,formula1
Leclerc crash not the only drama around intriguing Monaco,formula1
How the Monaco Grand Prix unfolded,formula1
F1 a billionaire boys' club - Hamilton,formula1
"Leclerc on Monaco pole despite crash, Hamilton seventh",formula1
Wing test delay 'incomprehensible',formula1
Hamilton takes control as Mercedes' racing instinct comes to the fore,formula1
'Hamilton's 100th pole is more than just a number',formula1
'Out of an early mistake comes another Hamilton masterclass',formula1
Floyd verdict a new dawn - Hamilton,formula1
Stone cold classic launches Hamilton v Verstappen show,formula1
Tense and gripping - a prelude to what could be a classic season,formula1
Andrew Benson,formula1
The F1 champion crowned beyond the grave,formula1
The exceptional kid who conquered the world,formula1
Is F1 poised for a Mercedes-Red Bull battle in 2021?,formula1
Murray Walker - a legend with effervescent enthusiasm,formula1
Chequered Flag podcast: Spanish GP review,formula1
Chequered Flag podcast: Portuguese GP review,formula1
Highlights: Vandoorne wins exciting Formula E race in Rome,formula1
Highlights: Vergne wins Formula E race three in Rome,formula1
Alonso feels 'lucky' on F1 return,formula1
'The high-octane voice behind a high-octane sport' - Murray Walker dies at 97,formula1
'Murray Walker we adore you' - Formula 1 legend in his own words,formula1
Chequered Flag podcast: Spanish GP review,formula1
Chequered Flag podcast: Portuguese GP review,formula1
Highlights: Vandoorne wins exciting Formula E race in Rome,formula1
Highlights: Vergne wins Formula E race three in Rome,formula1
Alonso feels 'lucky' on F1 return,formula1
'The high-octane voice behind a high-octane sport' - Murray Walker dies at 97,formula1
'Murray Walker we adore you' - Formula 1 legend in his own words,formula1
England debutant Robinson apologises for racist and sexist tweets,cricket
Conway's century on Test debut blunts England at Lord's,cricket
Watch on BBC iPlayer: Today at the Test,cricket
Conway hits century on Test debut as New Zealand dominate,cricket
New Zealand's Conway reaches century on Test debut,cricket
'Got him!' Anderson bowls New Zealand captain Williamson for 13,cricket
'I deeply regret my actions' - Robinson apologises for offensive tweets,cricket
England v New Zealand - first Test scorecard,cricket
Conway century on Test debut punishes England - watch the best moments,cricket
Fletcher signs extended Notts contract,cricket
Dutch beat Ireland by one run in opener,cricket
"Spiders in Zimbabwe, champagne in Southend - the making of England head coach Silverwood",cricket
Derbys sign all-rounder Thomson on loan,cricket
Batsman Yates agrees new Bears deal,cricket
England v New Zealand - schedule,cricket
'Did ECB do due diligence?' Vaughan on Robinson tweets,cricket
Robinson takes two wickets on England Test debut,cricket
Bracey wants spot in England's top three,cricket
'What a start!' England's Robinson dismisses Latham on debut,cricket
Relive England's best moments from last summer's Tests,cricket
"The last time England played New Zealand at Lord’s, this happened…",cricket
'Fasting cleanses the body and soul' - young cricketers on balancing Ramadan and sport,cricket
'I'm always up to mischief' - The livewire India batter aiming to light up The Hundred,cricket
Will Vipers retain title? Your guide to the Rachael Heyhoe Flint Trophy,cricket
"Mr X, Bitcoin and fleeing the country - inside cricket's fight against corruption ",cricket
'I can tell where the ball has been hit by listening to the stump mic' - cricket's first blind commentator,cricket
Damp return to live cricket but fans bowled over,cricket
Sport 2050: Cricket beneath the dome,cricket
"'I feel fantastic' - Broad on retirement, returning fans & Ashes preparations",cricket
Future tour dates,cricket
Jonathan Agnew - analysis and opinion from the BBC's cricket correspondent,cricket
The Hundred 2021 - full squad lists,cricket
The Hundred 2021 - full fixture list,cricket
Live cricket coverage on the BBC,cricket
"Tuffers & Vaughan podcast: England's summer starts here, and thank you Mr Tufnell",cricket
TMS podcast: A Roses battle to live long in the memory,cricket
Stumped podcast: Cricket's Jem-stone,cricket
"Tailenders podcast: Hick, Partridge and cupcakes",cricket
Sportshour podcast: How could sport look in 2050?,cricket
The LGBT Sport podcast: The One on the Unicorns v Graces match,cricket
England cricket team,cricket
Scotland cricket team,cricket
Ireland cricket team,cricket
Women's cricket,cricket
Live cricket coverage on the BBC,cricket
"Tuffers & Vaughan podcast: England's summer starts here, and thank you Mr Tufnell",cricket
TMS podcast: A Roses battle to live long in the memory,cricket
Stumped podcast: Cricket's Jem-stone,cricket
"Tailenders podcast: Hick, Partridge and cupcakes",cricket
Sportshour podcast: How could sport look in 2050?,cricket
The LGBT Sport podcast: The One on the Unicorns v Graces match,cricket
Listen: French Open - Medvedev levels against Paul after losing first set,tennis
Williams 'happy to get through' battle with Buzarnescu ,tennis
Zverev & Tsitsipas advance in straight sets,tennis
'Where is pay-off for getting vaccinated?' - Jamie Murray criticises Wimbledon restrictions,tennis
French Open - live scores & order of play,tennis
Nadal & Djokovic cruise through openers,tennis
Suarez Navarro narrowly misses out on dream win at French Open after cancer,tennis
Grand Slams pledge 'meaningful improvements' after Osaka withdrawal,tennis
Kvitova pulls out of French Open with freak injury sustained during media duties,tennis
Murray & Soares advance at French Open,tennis
What does Osaka's French Open withdrawal mean for tennis?,tennis
Barty survives injury scare to progress,tennis
French Open day three - as it happened,tennis
Why golf's US Women's Open should learn from Osaka,tennis
The man who took a 'scaredy cat' and built a 'raging bull',tennis
'It's harder to deal with success than losing' - Swiatek on defending French Open title,tennis
5 Live Sport Specials: All About Djokovic,tennis
Can Osaka deliver on clay & grass to complete Grand Slam set?,tennis
Quiz: Can you name every Wimbledon men's champion?,tennis
Quiz: Can you name every Wimbledon women's champion,tennis
How well do you know Andy Murray?,tennis
Quiz: When tennis stars retire early,tennis
I wish I could give Osaka a hug - Williams,tennis
'I walk onto the tennis court in my Jordans and basketball shirt',tennis
'I got upset & lost my cool' - Djokovic shouts at umpire over playing conditions,tennis
Osaka 'not really sure' Olympics should happen,tennis
Best shots: Brilliant Boulter secures victory for Great Britain,tennis
Best shots as Watson win puts GB in control,tennis
Highlights: Evans beats Goffin to reach Monte Carlo semi,tennis
Tennis' 'most awkward' champion & the true power of her voice,tennis
'I'd go back and have all the fun again' - Sue Barker on 1976 French Open win,tennis
How Sampras defied injury to become 'the greatest',tennis
The 16-year-old set to rule the tennis world,tennis
The problem with celebrating tennis’ most successful player,tennis
The pioneering champion America forgot,tennis
From abusive childhood to inner peace: Pierce's tumultuous journey,tennis
I wish I could give Osaka a hug - Williams,tennis
'I walk onto the tennis court in my Jordans and basketball shirt',tennis
'I got upset & lost my cool' - Djokovic shouts at umpire over playing conditions,tennis
Osaka 'not really sure' Olympics should happen,tennis
Best shots: Brilliant Boulter secures victory for Great Britain,tennis
Best shots as Watson win puts GB in control,tennis
Highlights: Evans beats Goffin to reach Monte Carlo semi,tennis
"Tottenham are in talks with Antonio Conte but there remains some distance between the two parties over his wage demands, according to Sky in Italy.",football
"Everton are set to open talks with Nuno Espirito Santo on Wednesday, with the former Wolves boss the leading candidate to replace Carlo Ancelotti.",football
"Man City chairman Khaldoon Al Mubarak has vowed to continue to ""disrupt"" the world's best but revealed his regret over the doomed Super League.",football
"Everton are seeking their sixth permanent manager in five years following the unexpected departure of Carlo Ancelotti, but to whom should the club now turn?",football
"Following Carlo Ancelotti's exit, Everton must appoint a new manager capable of growing with the club rather than hitting the reset button, writes Ben Grounds.",football
Bruno Lage looks set to be confirmed as Wolves' new manager following the granting of a work permit. ,football
"All the latest transfer news and rumours, as Man City and Chelsea step up their striker search.",football
Sky Sports pundit Alan Smith gives his take on the big talking points surrounding Gareth Southgate's hotly-debated 26-man England squad. ,football
"Gareth Bale is coming back to Real Madrid and can enjoy a great next season there if he is ""motivated"", says club's new head coach Carlo Ancelotti.",football
"From Trent Alexander-Arnold and Bukayo Saka's inclusion to disappointment for Jesse Lingard, the big talking points from Gareth Southgate's England squad...",football
Gareth Southgate has named his final 26-man England squad for Euro 2020. Choose your starting XI for the opening match against Croatia on June 13 at Wembley.,football
Get planning for the summer...,football
"Euro 2020 squads for this summer's rescheduled tournament have been confirmed - who's been selected, who's missed out and who's going from each PL club?",football
Find out when to watch all the live coverage of the Azerbaijan GP live only on Sky Sports F1 this weekend.,f1
Aston Martin have announced a partnership with Racing Pride and revealed initiatives for June's Pride Month.,f1
A different kind of wind tunnel for Lewis Hamilton; The future plans for F1's sprint qualy format; Latest from around F1.,f1
Helio Castroneves claimed a historic fourth Indianapolis 500 victory on Sunday after overtaking Alex Palou in the closing laps to win a gripping race at the Brickyard.,f1
There was a dramatic crash at the Indianapolis 500 as Graham Rahal lost a wheel out of the pits and hit the wall - while Conor Daly hit his loose tyre!,f1
British driver Stefan Wilson caused a bizarre first caution of the Indianapolis 500 after crashing in the pit-lane.,f1
England and New Zealand players showed their collective determination to fight any form of discrimination in cricket ahead of the first Test,cricket
"The latest score from Lord's as England and New Zealand meet in the first Test of a two-match series, live on Sky Sports Cricket.",cricket
Over-by-over commentary and in-play clips from the first Test between England and New Zealand at Lord's. Watch live on Sky Sports Cricket.,cricket
"Pilot strikes, frightened fliers, heavy defeats and great camaraderie - Michael Atherton looks ahead to his Spinwash '93 show...",cricket
"Naomi Osaka should be applauded for her decision to withdraw from the French Open to focus on her mental health, WTA Players' Council member Sloane Stephens says.",tennis
Updates from Roland Garros and the latest scores as Serena Williams headlines day four with Daniil Medvedev and Stefanos Tsitsipas among the names in action.,tennis
"The Grand Slams have pledged to offer Naomi Osaka their ""support and assistance"" following her withdrawal from the French Open.",tennis
An in-depth look at the glittering career of Japan's four-time Grand Slam winner Naomi Osaka following her French Open withdrawal to help her mental health.,tennis
